{"cameraMode":{"drawMode":0,"name":"Shaded","section":"Shading Mode"},"sceneLighting":false,"audioPlay":false,"sceneViewState":{"m_AlwaysRefresh":false,"showFog":true,"showSkybox":false,"showFlares":true,"showImageEffects":true,"showParticleSystems":true,"showVisualEffectGraphs":true,"m_FxEnabled":true},"in2DMode":false,"pivot":{"x":3.763711452484131,"y":4.71999979019165,"z":10.930000305175782},"rotation":{"x":0.056876033544540408,"y":0.18400780856609345,"z":-0.010664856061339379,"w":0.9812589287757874},"size":2.4874684810638429,"orthographic":false}